<?xml version="1.0" encoding="UTF-8" standalone="yes"?><template><description>Flow to ingest logs streamed over UDP into HDFS</description><name>Ingest logs over UDP</name><snippet><connections><id>e1324568-f40b-40ac-9ef9-db1596cad36e</id><parentGroupId>7c84501d-d10c-407c-b9f3-1d80e38fe36a</parentGroupId><backPressureDataSizeThreshold>0 MB</backPressureDataSizeThreshold><backPressureObjectThreshold>0</backPressureObjectThreshold><destination><groupId>7c84501d-d10c-407c-b9f3-1d80e38fe36a</groupId><id>9deb4dc8-b243-491d-9062-86d579556f9d</id><type>PROCESSOR</type></destination><flowFileExpiration>0 sec</flowFileExpiration><labelIndex>1</labelIndex><name></name><selectedRelationships>merged</selectedRelationships><source><groupId>7c84501d-d10c-407c-b9f3-1d80e38fe36a</groupId><id>83bc68ad-7e41-416b-8bd2-06e940aacad0</id><type>PROCESSOR</type></source><zIndex>0</zIndex></connections><connections><id>e39780ab-5f40-407b-a4ed-a4011ccee1eb</id><parentGroupId>7c84501d-d10c-407c-b9f3-1d80e38fe36a</parentGroupId><backPressureDataSizeThreshold>0 MB</backPressureDataSizeThreshold><backPressureObjectThreshold>0</backPressureObjectThreshold><destination><groupId>7c84501d-d10c-407c-b9f3-1d80e38fe36a</groupId><id>83bc68ad-7e41-416b-8bd2-06e940aacad0</id><type>PROCESSOR</type></destination><flowFileExpiration>0 sec</flowFileExpiration><labelIndex>1</labelIndex><name></name><selectedRelationships>matched</selectedRelationships><selectedRelationships>unmatched</selectedRelationships><source><groupId>7c84501d-d10c-407c-b9f3-1d80e38fe36a</groupId><id>431a22dd-1d7a-458f-8a72-268d0d9031b3</id><type>PROCESSOR</type></source><zIndex>0</zIndex></connections><connections><id>eb760c44-fc5b-4e5e-816c-919ccc464f42</id><parentGroupId>7c84501d-d10c-407c-b9f3-1d80e38fe36a</parentGroupId><backPressureDataSizeThreshold>0 MB</backPressureDataSizeThreshold><backPressureObjectThreshold>0</backPressureObjectThreshold><destination><groupId>7c84501d-d10c-407c-b9f3-1d80e38fe36a</groupId><id>431a22dd-1d7a-458f-8a72-268d0d9031b3</id><type>PROCESSOR</type></destination><flowFileExpiration>5 sec</flowFileExpiration><labelIndex>1</labelIndex><name></name><selectedRelationships>success</selectedRelationships><source><groupId>7c84501d-d10c-407c-b9f3-1d80e38fe36a</groupId><id>4b2e3782-8c9e-4948-8067-aa8978a1146e</id><type>PROCESSOR</type></source><zIndex>0</zIndex></connections><processors><id>9deb4dc8-b243-491d-9062-86d579556f9d</id><parentGroupId>7c84501d-d10c-407c-b9f3-1d80e38fe36a</parentGroupId><position><x>390.15842423461487</x><y>381.7299089153038</y></position><config><bulletinLevel>WARN</bulletinLevel><comments></comments><concurrentlySchedulableTaskCount>1</concurrentlySchedulableTaskCount><defaultConcurrentTasks><entry><key>TIMER_DRIVEN</key><value>1</value></entry><entry><key>EVENT_DRIVEN</key><value>0</value></entry><entry><key>CRON_DRIVEN</key><value>1</value></entry></defaultConcurrentTasks><defaultSchedulingPeriod><entry><key>TIMER_DRIVEN</key><value>0 sec</value></entry><entry><key>CRON_DRIVEN</key><value>* * * * * ?</value></entry></defaultSchedulingPeriod><descriptors><entry><key>Hadoop Configuration Resources</key><value><description>A file or comma separated list of files which contains the Hadoop file system configuration. Without this, Hadoop will search the classpath for a 'core-site.xml' and 'hdfs-site.xml' file or will revert to a default configuration.</description><displayName>Hadoop Configuration Resources</displayName><dynamic>false</dynamic><name>Hadoop Configuration Resources</name><required>false</required><sensitive>false</sensitive><supportsEl>false</supportsEl></value></entry><entry><key>Kerberos Principal</key><value><description>Kerberos principal to authenticate as. Requires nifi.kerberos.krb5.file to be set in your nifi.properties</description><displayName>Kerberos Principal</displayName><dynamic>false</dynamic><name>Kerberos Principal</name><required>false</required><sensitive>false</sensitive><supportsEl>false</supportsEl></value></entry><entry><key>Kerberos Keytab</key><value><description>Kerberos keytab associated with the principal. Requires nifi.kerberos.krb5.file to be set in your nifi.properties</description><displayName>Kerberos Keytab</displayName><dynamic>false</dynamic><name>Kerberos Keytab</name><required>false</required><sensitive>false</sensitive><supportsEl>false</supportsEl></value></entry><entry><key>Directory</key><value><description>The parent HDFS directory to which files should be written</description><displayName>Directory</displayName><dynamic>false</dynamic><name>Directory</name><required>true</required><sensitive>false</sensitive><supportsEl>true</supportsEl></value></entry><entry><key>Conflict Resolution Strategy</key><value><allowableValues><displayName>replace</displayName><value>replace</value></allowableValues><allowableValues><displayName>ignore</displayName><value>ignore</value></allowableValues><allowableValues><displayName>fail</displayName><value>fail</value></allowableValues><defaultValue>fail</defaultValue><description>Indicates what should happen when a file with the same name already exists in the output directory</description><displayName>Conflict Resolution Strategy</displayName><dynamic>false</dynamic><name>Conflict Resolution Strategy</name><required>true</required><sensitive>false</sensitive><supportsEl>false</supportsEl></value></entry><entry><key>Block Size</key><value><description>Size of each block as written to HDFS. This overrides the Hadoop Configuration</description><displayName>Block Size</displayName><dynamic>false</dynamic><name>Block Size</name><required>false</required><sensitive>false</sensitive><supportsEl>false</supportsEl></value></entry><entry><key>IO Buffer Size</key><value><description>Amount of memory to use to buffer file contents during IO. This overrides the Hadoop Configuration</description><displayName>IO Buffer Size</displayName><dynamic>false</dynamic><name>IO Buffer Size</name><required>false</required><sensitive>false</sensitive><supportsEl>false</supportsEl></value></entry><entry><key>Replication</key><value><description>Number of times that HDFS will replicate each file. This overrides the Hadoop Configuration</description><displayName>Replication</displayName><dynamic>false</dynamic><name>Replication</name><required>false</required><sensitive>false</sensitive><supportsEl>false</supportsEl></value></entry><entry><key>Permissions umask</key><value><description>A umask represented as an octal number which determines the permissions of files written to HDFS. This overrides the Hadoop Configuration dfs.umaskmode</description><displayName>Permissions umask</displayName><dynamic>false</dynamic><name>Permissions umask</name><required>false</required><sensitive>false</sensitive><supportsEl>false</supportsEl></value></entry><entry><key>Remote Owner</key><value><description>Changes the owner of the HDFS file to this value after it is written. This only works if NiFi is running as a user that has HDFS super user privilege to change owner</description><displayName>Remote Owner</displayName><dynamic>false</dynamic><name>Remote Owner</name><required>false</required><sensitive>false</sensitive><supportsEl>false</supportsEl></value></entry><entry><key>Remote Group</key><value><description>Changes the group of the HDFS file to this value after it is written. This only works if NiFi is running as a user that has HDFS super user privilege to change group</description><displayName>Remote Group</displayName><dynamic>false</dynamic><name>Remote Group</name><required>false</required><sensitive>false</sensitive><supportsEl>false</supportsEl></value></entry><entry><key>Compression codec</key><value><allowableValues><displayName>org.apache.hadoop.io.compress.BZip2Codec</displayName><value>org.apache.hadoop.io.compress.BZip2Codec</value></allowableValues><allowableValues><displayName>org.apache.hadoop.io.compress.DefaultCodec</displayName><value>org.apache.hadoop.io.compress.DefaultCodec</value></allowableValues><allowableValues><displayName>org.apache.hadoop.io.compress.GzipCodec</displayName><value>org.apache.hadoop.io.compress.GzipCodec</value></allowableValues><allowableValues><displayName>org.apache.hadoop.io.compress.Lz4Codec</displayName><value>org.apache.hadoop.io.compress.Lz4Codec</value></allowableValues><allowableValues><displayName>org.apache.hadoop.io.compress.SnappyCodec</displayName><value>org.apache.hadoop.io.compress.SnappyCodec</value></allowableValues><description></description><displayName>Compression codec</displayName><dynamic>false</dynamic><name>Compression codec</name><required>false</required><sensitive>false</sensitive><supportsEl>false</supportsEl></value></entry></descriptors><lossTolerant>false</lossTolerant><penaltyDuration>30 sec</penaltyDuration><properties><entry><key>Hadoop Configuration Resources</key><value>/etc/hadoop/conf/core-site.xml</value></entry><entry><key>Kerberos Principal</key></entry><entry><key>Kerberos Keytab</key></entry><entry><key>Directory</key><value>/tmp/logs</value></entry><entry><key>Conflict Resolution Strategy</key></entry><entry><key>Block Size</key></entry><entry><key>IO Buffer Size</key></entry><entry><key>Replication</key></entry><entry><key>Permissions umask</key></entry><entry><key>Remote Owner</key></entry><entry><key>Remote Group</key></entry><entry><key>Compression codec</key></entry></properties><runDurationMillis>0</runDurationMillis><schedulingPeriod>0 sec</schedulingPeriod><schedulingStrategy>TIMER_DRIVEN</schedulingStrategy><yieldDuration>1 sec</yieldDuration></config><name>PutHDFS</name><relationships><autoTerminate>true</autoTerminate><description>Files that could not be written to HDFS for some reason are transferred to this relationship</description><name>failure</name></relationships><relationships><autoTerminate>true</autoTerminate><description>Files that have been successfully written to HDFS are transferred to this relationship</description><name>success</name></relationships><state>STOPPED</state><style/><supportsEventDriven>false</supportsEventDriven><supportsParallelProcessing>true</supportsParallelProcessing><type>org.apache.nifi.processors.hadoop.PutHDFS</type></processors><processors><id>4b2e3782-8c9e-4948-8067-aa8978a1146e</id><parentGroupId>7c84501d-d10c-407c-b9f3-1d80e38fe36a</parentGroupId><position><x>-72.34792383170658</x><y>52.541873517248206</y></position><config><bulletinLevel>WARN</bulletinLevel><comments></comments><concurrentlySchedulableTaskCount>1</concurrentlySchedulableTaskCount><defaultConcurrentTasks><entry><key>TIMER_DRIVEN</key><value>1</value></entry><entry><key>EVENT_DRIVEN</key><value>0</value></entry><entry><key>CRON_DRIVEN</key><value>1</value></entry></defaultConcurrentTasks><defaultSchedulingPeriod><entry><key>TIMER_DRIVEN</key><value>0 sec</value></entry><entry><key>CRON_DRIVEN</key><value>* * * * * ?</value></entry></defaultSchedulingPeriod><descriptors><entry><key>Sending Host</key><value><description>IP, or name, of a remote host. Only Datagrams from the specified Sending Host Port and this host will be accepted. Improves Performance. May be a system property or an environment variable.</description><displayName>Sending Host</displayName><dynamic>false</dynamic><name>Sending Host</name><required>false</required><sensitive>false</sensitive><supportsEl>true</supportsEl></value></entry><entry><key>Sending Host Port</key><value><description>Port being used by remote host to send Datagrams. Only Datagrams from the specified Sending Host and this port will be accepted. Improves Performance. May be a system property or an environment variable.</description><displayName>Sending Host Port</displayName><dynamic>false</dynamic><name>Sending Host Port</name><required>false</required><sensitive>false</sensitive><supportsEl>true</supportsEl></value></entry><entry><key>Local Network Interface</key><value><description>The name of a local network interface to be used to restrict listening for UDP Datagrams to a specific LAN.May be a system property or an environment variable.</description><displayName>Local Network Interface</displayName><dynamic>false</dynamic><name>Local Network Interface</name><required>false</required><sensitive>false</sensitive><supportsEl>true</supportsEl></value></entry><entry><key>Channel Reader Interval</key><value><defaultValue>50 ms</defaultValue><description>Scheduling interval for each read channel.</description><displayName>Channel Reader Interval</displayName><dynamic>false</dynamic><name>Channel Reader Interval</name><required>true</required><sensitive>false</sensitive><supportsEl>false</supportsEl></value></entry><entry><key>FlowFile Size Trigger</key><value><defaultValue>1 MB</defaultValue><description>Determines the (almost) upper bound size at which a flow file would be generated.</description><displayName>FlowFile Size Trigger</displayName><dynamic>false</dynamic><name>FlowFile Size Trigger</name><required>true</required><sensitive>false</sensitive><supportsEl>false</supportsEl></value></entry><entry><key>Max Buffer Size</key><value><defaultValue>1 MB</defaultValue><description>Determines the size each receive buffer may be</description><displayName>Max Buffer Size</displayName><dynamic>false</dynamic><name>Max Buffer Size</name><required>true</required><sensitive>false</sensitive><supportsEl>false</supportsEl></value></entry><entry><key>Max size of UDP Buffer</key><value><defaultValue>1 MB</defaultValue><description>The maximum UDP buffer size that should be used. This is a suggestion to the Operating System to indicate how big the udp socket buffer should be.</description><displayName>Max size of UDP Buffer</displayName><dynamic>false</dynamic><name>Max size of UDP Buffer</name><required>true</required><sensitive>false</sensitive><supportsEl>false</supportsEl></value></entry><entry><key>Port</key><value><description>Port to listen on. Must be known by senders of Datagrams.</description><displayName>Port</displayName><dynamic>false</dynamic><name>Port</name><required>true</required><sensitive>false</sensitive><supportsEl>false</supportsEl></value></entry><entry><key>Receive Buffer Count</key><value><defaultValue>4</defaultValue><description>Number of receiving buffers to be used to accept data from the socket. Higher numbers means more ram is allocated but can allow better throughput.</description><displayName>Receive Buffer Count</displayName><dynamic>false</dynamic><name>Receive Buffer Count</name><required>true</required><sensitive>false</sensitive><supportsEl>false</supportsEl></value></entry><entry><key>FlowFiles Per Session</key><value><defaultValue>10</defaultValue><description>The number of flow files per session.</description><displayName>FlowFiles Per Session</displayName><dynamic>false</dynamic><name>FlowFiles Per Session</name><required>true</required><sensitive>false</sensitive><supportsEl>false</supportsEl></value></entry><entry><key>Receive Timeout</key><value><defaultValue>5 secs</defaultValue><description>The time out period when waiting to receive data from the socket. Specify units.</description><displayName>Receive Timeout</displayName><dynamic>false</dynamic><name>Receive Timeout</name><required>true</required><sensitive>false</sensitive><supportsEl>false</supportsEl></value></entry><entry><key>FlowFile Per Datagram</key><value><allowableValues><displayName>true</displayName><value>true</value></allowableValues><allowableValues><displayName>false</displayName><value>false</value></allowableValues><defaultValue>false</defaultValue><description>Determines if this processor emits each datagram as a FlowFile, or if multiple datagrams can be placed in a single FlowFile.</description><displayName>FlowFile Per Datagram</displayName><dynamic>false</dynamic><name>FlowFile Per Datagram</name><required>true</required><sensitive>false</sensitive><supportsEl>false</supportsEl></value></entry></descriptors><lossTolerant>false</lossTolerant><penaltyDuration>30 sec</penaltyDuration><properties><entry><key>Sending Host</key></entry><entry><key>Sending Host Port</key></entry><entry><key>Local Network Interface</key></entry><entry><key>Channel Reader Interval</key></entry><entry><key>FlowFile Size Trigger</key></entry><entry><key>Max Buffer Size</key></entry><entry><key>Max size of UDP Buffer</key></entry><entry><key>Port</key><value>9091</value></entry><entry><key>Receive Buffer Count</key></entry><entry><key>FlowFiles Per Session</key></entry><entry><key>Receive Timeout</key></entry><entry><key>FlowFile Per Datagram</key></entry></properties><runDurationMillis>0</runDurationMillis><schedulingPeriod>0 sec</schedulingPeriod><schedulingStrategy>TIMER_DRIVEN</schedulingStrategy><yieldDuration>1 sec</yieldDuration></config><name>ListenUDP</name><relationships><autoTerminate>false</autoTerminate><description>Connection which contains concatenated Datagram Packets</description><name>success</name></relationships><state>STOPPED</state><style/><supportsEventDriven>false</supportsEventDriven><supportsParallelProcessing>true</supportsParallelProcessing><type>org.apache.nifi.processors.standard.ListenUDP</type></processors><processors><id>431a22dd-1d7a-458f-8a72-268d0d9031b3</id><parentGroupId>7c84501d-d10c-407c-b9f3-1d80e38fe36a</parentGroupId><position><x>-78.48770911077438</x><y>228.54895257380304</y></position><config><bulletinLevel>WARN</bulletinLevel><comments></comments><concurrentlySchedulableTaskCount>1</concurrentlySchedulableTaskCount><defaultConcurrentTasks><entry><key>TIMER_DRIVEN</key><value>1</value></entry><entry><key>EVENT_DRIVEN</key><value>0</value></entry><entry><key>CRON_DRIVEN</key><value>1</value></entry></defaultConcurrentTasks><defaultSchedulingPeriod><entry><key>TIMER_DRIVEN</key><value>0 sec</value></entry><entry><key>CRON_DRIVEN</key><value>* * * * * ?</value></entry></defaultSchedulingPeriod><descriptors><entry><key>Character Set</key><value><defaultValue>UTF-8</defaultValue><description>The Character Set in which the file is encoded</description><displayName>Character Set</displayName><dynamic>false</dynamic><name>Character Set</name><required>true</required><sensitive>false</sensitive><supportsEl>false</supportsEl></value></entry><entry><key>Maximum Buffer Size</key><value><defaultValue>1 MB</defaultValue><description>Specifies the maximum amount of data to buffer (per file) in order to apply the regular expressions.  Files larger than the specified maximum will not be fully evaluated.</description><displayName>Maximum Buffer Size</displayName><dynamic>false</dynamic><name>Maximum Buffer Size</name><required>true</required><sensitive>false</sensitive><supportsEl>false</supportsEl></value></entry><entry><key>Maximum Capture Group Length</key><value><defaultValue>1024</defaultValue><description>Specifies the maximum number of characters a given capture group value can have.  Any characters beyond the max will be truncated.</description><displayName>Maximum Capture Group Length</displayName><dynamic>false</dynamic><name>Maximum Capture Group Length</name><required>false</required><sensitive>false</sensitive><supportsEl>false</supportsEl></value></entry><entry><key>Enable Canonical Equivalence</key><value><allowableValues><displayName>true</displayName><value>true</value></allowableValues><allowableValues><displayName>false</displayName><value>false</value></allowableValues><defaultValue>false</defaultValue><description>Indicates that two characters match only when their full canonical decompositions match.</description><displayName>Enable Canonical Equivalence</displayName><dynamic>false</dynamic><name>Enable Canonical Equivalence</name><required>true</required><sensitive>false</sensitive><supportsEl>false</supportsEl></value></entry><entry><key>Enable Case-insensitive Matching</key><value><allowableValues><displayName>true</displayName><value>true</value></allowableValues><allowableValues><displayName>false</displayName><value>false</value></allowableValues><defaultValue>false</defaultValue><description>Indicates that two characters match even if they are in a different case.  Can also be specified via the embeded flag (?i).</description><displayName>Enable Case-insensitive Matching</displayName><dynamic>false</dynamic><name>Enable Case-insensitive Matching</name><required>true</required><sensitive>false</sensitive><supportsEl>false</supportsEl></value></entry><entry><key>Permit Whitespace and Comments in Pattern</key><value><allowableValues><displayName>true</displayName><value>true</value></allowableValues><allowableValues><displayName>false</displayName><value>false</value></allowableValues><defaultValue>false</defaultValue><description>In this mode, whitespace is ignored, and embedded comments starting with # are ignored until the end of a line.  Can also be specified via the embeded flag (?x).</description><displayName>Permit Whitespace and Comments in Pattern</displayName><dynamic>false</dynamic><name>Permit Whitespace and Comments in Pattern</name><required>true</required><sensitive>false</sensitive><supportsEl>false</supportsEl></value></entry><entry><key>Enable DOTALL Mode</key><value><allowableValues><displayName>true</displayName><value>true</value></allowableValues><allowableValues><displayName>false</displayName><value>false</value></allowableValues><defaultValue>false</defaultValue><description>Indicates that the expression '.' should match any character, including a line terminator.  Can also be specified via the embeded flag (?s).</description><displayName>Enable DOTALL Mode</displayName><dynamic>false</dynamic><name>Enable DOTALL Mode</name><required>true</required><sensitive>false</sensitive><supportsEl>false</supportsEl></value></entry><entry><key>Enable Literal Parsing of the Pattern</key><value><allowableValues><displayName>true</displayName><value>true</value></allowableValues><allowableValues><displayName>false</displayName><value>false</value></allowableValues><defaultValue>false</defaultValue><description>Indicates that Metacharacters and escape characters should be given no special meaning.</description><displayName>Enable Literal Parsing of the Pattern</displayName><dynamic>false</dynamic><name>Enable Literal Parsing of the Pattern</name><required>true</required><sensitive>false</sensitive><supportsEl>false</supportsEl></value></entry><entry><key>Enable Multiline Mode</key><value><allowableValues><displayName>true</displayName><value>true</value></allowableValues><allowableValues><displayName>false</displayName><value>false</value></allowableValues><defaultValue>false</defaultValue><description>Indicates that '^' and '$' should match just after and just before a line terminator or end of sequence, instead of only the begining or end of the entire input.  Can also be specified via the embeded flag (?m).</description><displayName>Enable Multiline Mode</displayName><dynamic>false</dynamic><name>Enable Multiline Mode</name><required>true</required><sensitive>false</sensitive><supportsEl>false</supportsEl></value></entry><entry><key>Enable Unicode-aware Case Folding</key><value><allowableValues><displayName>true</displayName><value>true</value></allowableValues><allowableValues><displayName>false</displayName><value>false</value></allowableValues><defaultValue>false</defaultValue><description>When used with 'Enable Case-insensitive Matching', matches in a manner consistent with the Unicode Standard.  Can also be specified via the embeded flag (?u).</description><displayName>Enable Unicode-aware Case Folding</displayName><dynamic>false</dynamic><name>Enable Unicode-aware Case Folding</name><required>true</required><sensitive>false</sensitive><supportsEl>false</supportsEl></value></entry><entry><key>Enable Unicode Predefined Character Classes</key><value><allowableValues><displayName>true</displayName><value>true</value></allowableValues><allowableValues><displayName>false</displayName><value>false</value></allowableValues><defaultValue>false</defaultValue><description>Specifies conformance with the Unicode Technical Standard #18: Unicode Regular Expression Annex C: Compatibility Properties.  Can also be specified via the embeded flag (?U).</description><displayName>Enable Unicode Predefined Character Classes</displayName><dynamic>false</dynamic><name>Enable Unicode Predefined Character Classes</name><required>true</required><sensitive>false</sensitive><supportsEl>false</supportsEl></value></entry><entry><key>Enable Unix Lines Mode</key><value><allowableValues><displayName>true</displayName><value>true</value></allowableValues><allowableValues><displayName>false</displayName><value>false</value></allowableValues><defaultValue>false</defaultValue><description>Indicates that only the '
' line terminator is recognized in the behavior of '.', '^', and '$'.  Can also be specified via the embeded flag (?d).</description><displayName>Enable Unix Lines Mode</displayName><dynamic>false</dynamic><name>Enable Unix Lines Mode</name><required>true</required><sensitive>false</sensitive><supportsEl>false</supportsEl></value></entry><entry><key>Include Capture Group 0</key><value><allowableValues><displayName>true</displayName><value>true</value></allowableValues><allowableValues><displayName>false</displayName><value>false</value></allowableValues><defaultValue>true</defaultValue><description>Indicates that Capture Group 0 should be included as an attribute. Capture Group 0 represents the entirety of the regular expression match, is typically not used, and could have considerable length.</description><displayName>Include Capture Group 0</displayName><dynamic>false</dynamic><name>Include Capture Group 0</name><required>true</required><sensitive>false</sensitive><supportsEl>false</supportsEl></value></entry></descriptors><lossTolerant>false</lossTolerant><penaltyDuration>30 sec</penaltyDuration><properties><entry><key>Character Set</key></entry><entry><key>Maximum Buffer Size</key></entry><entry><key>Maximum Capture Group Length</key></entry><entry><key>Enable Canonical Equivalence</key></entry><entry><key>Enable Case-insensitive Matching</key></entry><entry><key>Permit Whitespace and Comments in Pattern</key></entry><entry><key>Enable DOTALL Mode</key></entry><entry><key>Enable Literal Parsing of the Pattern</key></entry><entry><key>Enable Multiline Mode</key></entry><entry><key>Enable Unicode-aware Case Folding</key></entry><entry><key>Enable Unicode Predefined Character Classes</key></entry><entry><key>Enable Unix Lines Mode</key></entry><entry><key>Include Capture Group 0</key></entry></properties><runDurationMillis>0</runDurationMillis><schedulingPeriod>0 sec</schedulingPeriod><schedulingStrategy>TIMER_DRIVEN</schedulingStrategy><yieldDuration>1 sec</yieldDuration></config><name>ExtractText</name><relationships><autoTerminate>false</autoTerminate><description>FlowFiles are routed to this relationship when the Regular Expression is successfully evaluated and the FlowFile is modified as a result</description><name>matched</name></relationships><relationships><autoTerminate>false</autoTerminate><description>FlowFiles are routed to this relationship when no provided Regular Expression matches the content of the FlowFile</description><name>unmatched</name></relationships><state>STOPPED</state><style/><supportsEventDriven>true</supportsEventDriven><supportsParallelProcessing>true</supportsParallelProcessing><type>org.apache.nifi.processors.standard.ExtractText</type></processors><processors><id>83bc68ad-7e41-416b-8bd2-06e940aacad0</id><parentGroupId>7c84501d-d10c-407c-b9f3-1d80e38fe36a</parentGroupId><position><x>-77.4504498471257</x><y>378.91862005580526</y></position><config><bulletinLevel>WARN</bulletinLevel><comments></comments><concurrentlySchedulableTaskCount>1</concurrentlySchedulableTaskCount><defaultConcurrentTasks><entry><key>TIMER_DRIVEN</key><value>1</value></entry><entry><key>EVENT_DRIVEN</key><value>0</value></entry><entry><key>CRON_DRIVEN</key><value>1</value></entry></defaultConcurrentTasks><defaultSchedulingPeriod><entry><key>TIMER_DRIVEN</key><value>0 sec</value></entry><entry><key>CRON_DRIVEN</key><value>* * * * * ?</value></entry></defaultSchedulingPeriod><descriptors><entry><key>Merge Strategy</key><value><allowableValues><description>Generates 'bins' of FlowFiles and fills each bin as full as possible. FlowFiles are placed into a bin based on their size and optionally their attributes (if the &lt;Correlation Attribute&gt; property is set)</description><displayName>Bin-Packing Algorithm</displayName><value>Bin-Packing Algorithm</value></allowableValues><allowableValues><description>Combines fragments that are associated by attributes back into a single cohesive FlowFile. If using this strategy, all FlowFiles must have the attributes &lt;fragment.identifier&gt;, &lt;fragment.count&gt;, and &lt;fragment.index&gt; or alternatively (for backward compatibility purposes) &lt;segment.identifier&gt;, &lt;segment.count&gt;, and &lt;segment.index&gt;. All FlowFiles with the same value for &quot;fragment.identifier&quot; will be grouped together. All FlowFiles in this group must have the same value for the &quot;fragment.count&quot; attribute. All FlowFiles in this group must have a unique value for the &quot;fragment.index&quot; attribute between 0 and the value of the &quot;fragment.count&quot; attribute.</description><displayName>Defragment</displayName><value>Defragment</value></allowableValues><defaultValue>Bin-Packing Algorithm</defaultValue><description>Specifies the algorithm used to merge content. The 'Defragment' algorithm combines fragments that are associated by attributes back into a single cohesive FlowFile. The 'Bin-Packing Algorithm' generates a FlowFile populated by arbitrarily chosen FlowFiles</description><displayName>Merge Strategy</displayName><dynamic>false</dynamic><name>Merge Strategy</name><required>true</required><sensitive>false</sensitive><supportsEl>false</supportsEl></value></entry><entry><key>Merge Format</key><value><allowableValues><description>A bin of FlowFiles will be combined into a single TAR file. The FlowFiles' &lt;path&gt; attribute will be used to create a directory in the TAR file if the &lt;Keep Paths&gt; property is set to true; otherwise, all FlowFiles will be added at the root of the TAR file. If a FlowFile has an attribute named &lt;tar.permissions&gt; that is 3 characters, each between 0-7, that attribute will be used as the TAR entry's 'mode'.</description><displayName>TAR</displayName><value>TAR</value></allowableValues><allowableValues><description>A bin of FlowFiles will be combined into a single ZIP file. The FlowFiles' &lt;path&gt; attribute will be used to create a directory in the ZIP file if the &lt;Keep Paths&gt; property is set to true; otherwise, all FlowFiles will be added at the root of the ZIP file. The &lt;Compression Level&gt; property indicates the ZIP compression to use.</description><displayName>ZIP</displayName><value>ZIP</value></allowableValues><allowableValues><description>A bin of FlowFiles will be combined into a single Version 3 FlowFile Stream</description><displayName>FlowFile Stream, v3</displayName><value>FlowFile Stream, v3</value></allowableValues><allowableValues><description>A bin of FlowFiles will be combined into a single Version 2 FlowFile Stream</description><displayName>FlowFile Stream, v2</displayName><value>FlowFile Stream, v2</value></allowableValues><allowableValues><description>A bin of FlowFiles will be combined into a single Version 1 FlowFile Package</description><displayName>FlowFile Tar, v1</displayName><value>FlowFile Tar, v1</value></allowableValues><allowableValues><description>The contents of all FlowFiles will be concatenated together into a single FlowFile</description><displayName>Binary Concatenation</displayName><value>Binary Concatenation</value></allowableValues><allowableValues><description>The Avro contents of all FlowFiles will be concatenated together into a single FlowFile</description><displayName>Avro</displayName><value>Avro</value></allowableValues><defaultValue>Binary Concatenation</defaultValue><description>Determines the format that will be used to merge the content.</description><displayName>Merge Format</displayName><dynamic>false</dynamic><name>Merge Format</name><required>true</required><sensitive>false</sensitive><supportsEl>false</supportsEl></value></entry><entry><key>Attribute Strategy</key><value><allowableValues><displayName>Keep Only Common Attributes</displayName><value>Keep Only Common Attributes</value></allowableValues><allowableValues><displayName>Keep All Unique Attributes</displayName><value>Keep All Unique Attributes</value></allowableValues><defaultValue>Keep Only Common Attributes</defaultValue><description>Determines which FlowFile attributes should be added to the bundle. If 'Keep All Unique Attributes' is selected, any attribute on any FlowFile that gets bundled will be kept unless its value conflicts with the value from another FlowFile. If 'Keep Only Common Attributes' is selected, only the attributes that exist on all FlowFiles in the bundle, with the same value, will be preserved.</description><displayName>Attribute Strategy</displayName><dynamic>false</dynamic><name>Attribute Strategy</name><required>true</required><sensitive>false</sensitive><supportsEl>false</supportsEl></value></entry><entry><key>Correlation Attribute Name</key><value><description>If specified, like FlowFiles will be binned together, where 'like FlowFiles' means FlowFiles that have the same value for this Attribute. If not specified, FlowFiles are bundled by the order in which they are pulled from the queue.</description><displayName>Correlation Attribute Name</displayName><dynamic>false</dynamic><name>Correlation Attribute Name</name><required>false</required><sensitive>false</sensitive><supportsEl>false</supportsEl></value></entry><entry><key>Minimum Number of Entries</key><value><defaultValue>1</defaultValue><description>The minimum number of files to include in a bundle</description><displayName>Minimum Number of Entries</displayName><dynamic>false</dynamic><name>Minimum Number of Entries</name><required>true</required><sensitive>false</sensitive><supportsEl>false</supportsEl></value></entry><entry><key>Maximum Number of Entries</key><value><description>The maximum number of files to include in a bundle. If not specified, there is no maximum.</description><displayName>Maximum Number of Entries</displayName><dynamic>false</dynamic><name>Maximum Number of Entries</name><required>false</required><sensitive>false</sensitive><supportsEl>false</supportsEl></value></entry><entry><key>Minimum Group Size</key><value><defaultValue>0 B</defaultValue><description>The minimum size of for the bundle</description><displayName>Minimum Group Size</displayName><dynamic>false</dynamic><name>Minimum Group Size</name><required>true</required><sensitive>false</sensitive><supportsEl>false</supportsEl></value></entry><entry><key>Maximum Group Size</key><value><description>The maximum size for the bundle. If not specified, there is no maximum.</description><displayName>Maximum Group Size</displayName><dynamic>false</dynamic><name>Maximum Group Size</name><required>false</required><sensitive>false</sensitive><supportsEl>false</supportsEl></value></entry><entry><key>Max Bin Age</key><value><description>The maximum age of a Bin that will trigger a Bin to be complete. Expected format is &lt;duration&gt; &lt;time unit&gt; where &lt;duration&gt; is a positive integer and time unit is one of seconds, minutes, hours</description><displayName>Max Bin Age</displayName><dynamic>false</dynamic><name>Max Bin Age</name><required>false</required><sensitive>false</sensitive><supportsEl>false</supportsEl></value></entry><entry><key>Maximum number of Bins</key><value><defaultValue>100</defaultValue><description>Specifies the maximum number of bins that can be held in memory at any one time</description><displayName>Maximum number of Bins</displayName><dynamic>false</dynamic><name>Maximum number of Bins</name><required>true</required><sensitive>false</sensitive><supportsEl>false</supportsEl></value></entry><entry><key>Delimiter Strategy</key><value><allowableValues><description>The values of Header, Footer, and Demarcator will be retrieved from the contents of a file</description><displayName>Filename</displayName><value>Filename</value></allowableValues><allowableValues><description>The values of Header, Footer, and Demarcator will be specified as property values</description><displayName>Text</displayName><value>Text</value></allowableValues><defaultValue>Filename</defaultValue><description>Determines if Header, Footer, and Demarcator should point to files containing the respective content, or if the values of the properties should be used as the content.</description><displayName>Delimiter Strategy</displayName><dynamic>false</dynamic><name>Delimiter Strategy</name><required>true</required><sensitive>false</sensitive><supportsEl>false</supportsEl></value></entry><entry><key>Header File</key><value><description>Filename specifying the header to use. If not specified, no header is supplied. This property is valid only when using the binary-concatenation merge strategy; otherwise, it is ignored.</description><displayName>Header</displayName><dynamic>false</dynamic><name>Header File</name><required>false</required><sensitive>false</sensitive><supportsEl>true</supportsEl></value></entry><entry><key>Footer File</key><value><description>Filename specifying the footer to use. If not specified, no footer is supplied. This property is valid only when using the binary-concatenation merge strategy; otherwise, it is ignored.</description><displayName>Footer</displayName><dynamic>false</dynamic><name>Footer File</name><required>false</required><sensitive>false</sensitive><supportsEl>true</supportsEl></value></entry><entry><key>Demarcator File</key><value><description>Filename specifying the demarcator to use. If not specified, no demarcator is supplied. This property is valid only when using the binary-concatenation merge strategy; otherwise, it is ignored.</description><displayName>Demarcator</displayName><dynamic>false</dynamic><name>Demarcator File</name><required>false</required><sensitive>false</sensitive><supportsEl>true</supportsEl></value></entry><entry><key>Compression Level</key><value><allowableValues><displayName>0</displayName><value>0</value></allowableValues><allowableValues><displayName>1</displayName><value>1</value></allowableValues><allowableValues><displayName>2</displayName><value>2</value></allowableValues><allowableValues><displayName>3</displayName><value>3</value></allowableValues><allowableValues><displayName>4</displayName><value>4</value></allowableValues><allowableValues><displayName>5</displayName><value>5</value></allowableValues><allowableValues><displayName>6</displayName><value>6</value></allowableValues><allowableValues><displayName>7</displayName><value>7</value></allowableValues><allowableValues><displayName>8</displayName><value>8</value></allowableValues><allowableValues><displayName>9</displayName><value>9</value></allowableValues><defaultValue>1</defaultValue><description>Specifies the compression level to use when using the Zip Merge Format; if not using the Zip Merge Format, this value is ignored</description><displayName>Compression Level</displayName><dynamic>false</dynamic><name>Compression Level</name><required>true</required><sensitive>false</sensitive><supportsEl>false</supportsEl></value></entry><entry><key>Keep Path</key><value><allowableValues><displayName>true</displayName><value>true</value></allowableValues><allowableValues><displayName>false</displayName><value>false</value></allowableValues><defaultValue>false</defaultValue><description>If using the Zip or Tar Merge Format, specifies whether or not the FlowFiles' paths should be included in their entry names; if using other merge strategy, this value is ignored</description><displayName>Keep Path</displayName><dynamic>false</dynamic><name>Keep Path</name><required>true</required><sensitive>false</sensitive><supportsEl>false</supportsEl></value></entry></descriptors><lossTolerant>false</lossTolerant><penaltyDuration>30 sec</penaltyDuration><properties><entry><key>Merge Strategy</key></entry><entry><key>Merge Format</key></entry><entry><key>Attribute Strategy</key></entry><entry><key>Correlation Attribute Name</key></entry><entry><key>Minimum Number of Entries</key><value>10</value></entry><entry><key>Maximum Number of Entries</key></entry><entry><key>Minimum Group Size</key></entry><entry><key>Maximum Group Size</key></entry><entry><key>Max Bin Age</key><value>5s</value></entry><entry><key>Maximum number of Bins</key></entry><entry><key>Delimiter Strategy</key></entry><entry><key>Header File</key></entry><entry><key>Footer File</key></entry><entry><key>Demarcator File</key></entry><entry><key>Compression Level</key></entry><entry><key>Keep Path</key></entry></properties><runDurationMillis>0</runDurationMillis><schedulingPeriod>0 sec</schedulingPeriod><schedulingStrategy>TIMER_DRIVEN</schedulingStrategy><yieldDuration>1 sec</yieldDuration></config><name>MergeContent</name><relationships><autoTerminate>true</autoTerminate><description>If the bundle cannot be created, all FlowFiles that would have been used to created the bundle will be transferred to failure</description><name>failure</name></relationships><relationships><autoTerminate>false</autoTerminate><description>The FlowFile containing the merged content</description><name>merged</name></relationships><relationships><autoTerminate>true</autoTerminate><description>The FlowFiles that were used to create the bundle</description><name>original</name></relationships><state>STOPPED</state><style/><supportsEventDriven>false</supportsEventDriven><supportsParallelProcessing>true</supportsParallelProcessing><type>org.apache.nifi.processors.standard.MergeContent</type></processors></snippet><timestamp>11/19/2015 04:32:05 UTC</timestamp></template>