<?xml version="1.0"?>
<metainfo>
    <schemaVersion>2.0</schemaVersion>
    <services>
        <service>
            <name>NIFI</name>
            <displayName>NiFi</displayName>
            <comment>Apache NiFi is an easy to use, powerful, and reliable system to process and distribute data. &lt;b&gt; This service is for demo purposes only and not officially supported &lt;/b&gt;</comment>
            <version>1.2.0.1</version>
            <components>
                <component>
                  <name>NIFI_MASTER</name>
                  <displayName>NiFi server</displayName>
                  <category>MASTER</category>
                  <cardinality>1</cardinality>
                  <timelineAppid>NIFI</timelineAppid>
                  <commandScript>
                    <script>scripts/master.py</script>
                    <scriptType>PYTHON</scriptType>
                    <timeout>10000</timeout>
                  </commandScript>
                </component>
            </components>
            <osSpecifics>
              <osSpecific>
                <osFamily>redhat6</osFamily>
                <packages>
                   <package><name>git</name></package>    
                   <package><name>java-1.7.0-openjdk-devel</name></package>  
                   <package><name>apache-maven-3.2*</name></package>                                           
                </packages>
              </osSpecific>
              
            </osSpecifics>
      	    <configuration-dependencies>
        	<config-type>nifi-ambari-config</config-type>      	   
                <config-type>nifi-flow</config-type> 
      	    </configuration-dependencies>
            <restartRequiredAfterChange>false</restartRequiredAfterChange>
            <widgetsFileName>widgets.json</widgetsFileName>
      		<metricsFileName>metrics.json</metricsFileName>        
        </service>
    </services>
</metainfo>
