<?xml version="1.0" encoding="UTF-8" standalone="yes"?><template><description>This is just for Twitter Demo</description><name>CVD-Standalone-Twitter-template-Demo</name><snippet><connections><id>243c8d3c-a309-48cf-8baa-9ba2d37fdb1f</id><parentGroupId>045d1e01-6923-4739-a07c-6ed9555aa9f9</parentGroupId><backPressureDataSizeThreshold>0 MB</backPressureDataSizeThreshold><backPressureObjectThreshold>0</backPressureObjectThreshold><destination><groupId>f96c3428-ea53-4b61-ad1a-a7488c2c9ca7</groupId><id>b77890f2-7c09-4283-8465-79e3c26801f8</id><type>REMOTE_INPUT_PORT</type></destination><flowFileExpiration>0 sec</flowFileExpiration><labelIndex>1</labelIndex><name></name><selectedRelationships>success</selectedRelationships><source><groupId>045d1e01-6923-4739-a07c-6ed9555aa9f9</groupId><id>3ea3d4b4-1945-4f07-b5fd-18db28f652a3</id><type>PROCESSOR</type></source><zIndex>0</zIndex></connections><processors><id>3ea3d4b4-1945-4f07-b5fd-18db28f652a3</id><parentGroupId>045d1e01-6923-4739-a07c-6ed9555aa9f9</parentGroupId><position><x>-103.0</x><y>432.0</y></position><config><bulletinLevel>WARN</bulletinLevel><comments></comments><concurrentlySchedulableTaskCount>1</concurrentlySchedulableTaskCount><defaultConcurrentTasks><entry><key>TIMER_DRIVEN</key><value>1</value></entry><entry><key>EVENT_DRIVEN</key><value>0</value></entry><entry><key>CRON_DRIVEN</key><value>1</value></entry></defaultConcurrentTasks><defaultSchedulingPeriod><entry><key>TIMER_DRIVEN</key><value>0 sec</value></entry><entry><key>CRON_DRIVEN</key><value>* * * * * ?</value></entry></defaultSchedulingPeriod><descriptors><entry><key>Twitter Endpoint</key><value><allowableValues><description>The endpoint that provides public data, aka a 'garden hose'</description><displayName>Sample Endpoint</displayName><value>Sample Endpoint</value></allowableValues><allowableValues><description>The endpoint that provides access to all tweets</description><displayName>Firehose Endpoint</displayName><value>Firehose Endpoint</value></allowableValues><allowableValues><description>Endpoint that allows the stream to be filtered by specific terms or User IDs</description><displayName>Filter Endpoint</displayName><value>Filter Endpoint</value></allowableValues><defaultValue>Sample Endpoint</defaultValue><description>Specifies which endpoint data should be pulled from</description><displayName>Twitter Endpoint</displayName><dynamic>false</dynamic><name>Twitter Endpoint</name><required>true</required><sensitive>false</sensitive><supportsEl>false</supportsEl></value></entry><entry><key>Consumer Key</key><value><description>The Consumer Key provided by Twitter</description><displayName>Consumer Key</displayName><dynamic>false</dynamic><name>Consumer Key</name><required>true</required><sensitive>false</sensitive><supportsEl>false</supportsEl></value></entry><entry><key>Consumer Secret</key><value><description>The Consumer Secret provided by Twitter</description><displayName>Consumer Secret</displayName><dynamic>false</dynamic><name>Consumer Secret</name><required>true</required><sensitive>true</sensitive><supportsEl>false</supportsEl></value></entry><entry><key>Access Token</key><value><description>The Access Token provided by Twitter</description><displayName>Access Token</displayName><dynamic>false</dynamic><name>Access Token</name><required>true</required><sensitive>false</sensitive><supportsEl>false</supportsEl></value></entry><entry><key>Access Token Secret</key><value><description>The Access Token Secret provided by Twitter</description><displayName>Access Token Secret</displayName><dynamic>false</dynamic><name>Access Token Secret</name><required>true</required><sensitive>true</sensitive><supportsEl>false</supportsEl></value></entry><entry><key>Languages</key><value><description>A comma-separated list of languages for which tweets should be fetched</description><displayName>Languages</displayName><dynamic>false</dynamic><name>Languages</name><required>false</required><sensitive>false</sensitive><supportsEl>false</supportsEl></value></entry><entry><key>Terms to Filter On</key><value><description>A comma-separated list of terms to filter on. Ignored unless Endpoint is set to 'Filter Endpoint'. The filter works such that if any term matches, the status update will be retrieved; multiple terms separated by a space function as an 'AND'. I.e., 'it was, hello' will retrieve status updates that have either 'hello' or both 'it' AND 'was'</description><displayName>Terms to Filter On</displayName><dynamic>false</dynamic><name>Terms to Filter On</name><required>false</required><sensitive>false</sensitive><supportsEl>false</supportsEl></value></entry><entry><key>IDs to Follow</key><value><description>A comma-separated list of Twitter User ID's to follow. Ignored unless Endpoint is set to 'Filter Endpoint'.</description><displayName>IDs to Follow</displayName><dynamic>false</dynamic><name>IDs to Follow</name><required>false</required><sensitive>false</sensitive><supportsEl>false</supportsEl></value></entry><entry><key>Locations to Filter On</key><value><description>A comma-separated list of coordinates specifying one or more bounding boxes to filter on.Each bounding box is specified by a pair of coordinates in the format: swLon,swLat,neLon,neLat. Multiple bounding boxes can be specified as such: swLon1,swLat1,neLon1,neLat1,swLon2,swLat2,neLon2,neLat2.Ignored unless Endpoint is set to 'Filter Endpoint'.</description><displayName>Locations to Filter On</displayName><dynamic>false</dynamic><name>Locations to Filter On</name><required>false</required><sensitive>false</sensitive><supportsEl>false</supportsEl></value></entry></descriptors><lossTolerant>false</lossTolerant><penaltyDuration>30 sec</penaltyDuration><properties><entry><key>Twitter Endpoint</key><value>Filter Endpoint</value></entry><entry><key>Consumer Key</key><value>PZUmIQWTAMvjoOn8Pm1L3tneU</value></entry><entry><key>Consumer Secret</key></entry><entry><key>Access Token</key><value>2885109412-3amUXuFw8PzlYzc6m96LwFOuJLAyyFqarbzPXOc</value></entry><entry><key>Access Token Secret</key></entry><entry><key>Languages</key></entry><entry><key>Terms to Filter On</key><value>$CSCO,$AAPL,$HDP,$GOOG,$TSLA</value></entry><entry><key>IDs to Follow</key></entry><entry><key>Locations to Filter On</key></entry></properties><runDurationMillis>0</runDurationMillis><schedulingPeriod>0 sec</schedulingPeriod><schedulingStrategy>TIMER_DRIVEN</schedulingStrategy><yieldDuration>1 sec</yieldDuration></config><name>GetTwitter</name><relationships><autoTerminate>false</autoTerminate><description>All status updates will be routed to this relationship</description><name>success</name></relationships><state>STOPPED</state><style/><supportsEventDriven>false</supportsEventDriven><supportsParallelProcessing>true</supportsParallelProcessing><type>org.apache.nifi.processors.twitter.GetTwitter</type></processors><remoteProcessGroups><id>f96c3428-ea53-4b61-ad1a-a7488c2c9ca7</id><parentGroupId>045d1e01-6923-4739-a07c-6ed9555aa9f9</parentGroupId><position><x>487.0</x><y>421.0</y></position><activeRemoteInputPortCount>1</activeRemoteInputPortCount><activeRemoteOutputPortCount>0</activeRemoteOutputPortCount><comments></comments><communicationsTimeout>30 sec</communicationsTimeout><contents><inputPorts><concurrentlySchedulableTaskCount>1</concurrentlySchedulableTaskCount><connected>true</connected><id>b77890f2-7c09-4283-8465-79e3c26801f8</id><name>Twitter Incoming feed</name><transmitting>true</transmitting><useCompression>false</useCompression></inputPorts></contents><inactiveRemoteInputPortCount>0</inactiveRemoteInputPortCount><inactiveRemoteOutputPortCount>0</inactiveRemoteOutputPortCount><name>NiFi Flow</name><targetUri>http://10.11.1.241:8080/nifi</targetUri><yieldDuration>10 sec</yieldDuration></remoteProcessGroups></snippet><timestamp>07/15/2016 17:29:39 PDT</timestamp></template>